<?xml version="1.0" encoding="UTF-8"?>
<!DOCTYPE configuration PUBLIC "-//mybatis.org//DTD Config 3.0//EN"
 "HTTP://mybatis.org/dtd/mybatis-3-config.dtd">

<!-- 
    typeAliases =>  type=상위패키지명.하위패키지명... 불러올 클래스명(DTO,VO클래스명)
                            (별칭을 부여할 때 사용하는 태그)
                            alias="별칭명"
    mappers =>접속시 불러올 테이블에 대한 정보 xml파일을 지정
                       해줄때 사용하는 태그정보
                        resource="패키지명/불러올 xml파일명"
 -->
 
<configuration>
   <typeAliases>
       <typeAlias type="lee.BoardCommand" alias="board" />
       <typeAlias type="lee.Pagination" alias="pagination" />
   </typeAliases>    

   <mappers>
       <mapper resource="lee/Board.xml" />
       <!-- 
       <mapper resource="lee/Member.xml" />
       <mapper resource="lee/Sangpum.xml" />
       <mapper resource="lee/Maker.xml" />
        -->
   </mappers>

</configuration>