<?xml version="1.0" encoding="UTF-8"?>
<beans xmlns="http://www.springframework.org/schema/beans"
	xmlns:xsi="http://www.w3.org/2001/XMLSchema-instance"
	xsi:schemaLocation="http://www.springframework.org/schema/beans http://www.springframework.org/schema/beans/spring-beans-2.5.xsd">

<!-- @Autowired,@Required  -->
<bean class="org.springframework.beans.factory.annotation.RequiredAnnotationBeanPostProcessor" />
<bean class="org.springframework.beans.factory.annotation.AutowiredAnnotationBeanPostProcessor" />

<!-- 5개의 구성요소에 해당되는 환경설정 -->
<!-- (4)viewResolver(위치(prefix),이동할 페이지의 확장자(suffix)  -->
<bean id="viewResolver"
      class="org.springframework.web.servlet.view.InternalResourceViewResolver">
     <property name="viewClass"
                   value="org.springframework.web.servlet.view.JstlView" />
     <property name="prefix" value="/" />
     <property name="suffix" value=".jsp"></property>
 </bean>

<!--(2) 요청명령어에 따른 처리해주는 컨트롤러를 문의? -->
<bean id="defaultHandlerMapping"
         class="org.springframework.web.servlet.handler.BeanNameUrlHandlerMapping" />

<!-- 요청명령어에 따른 컨트롤러 클래스를 작성(=모델2 액션클래스)
   이동할 페이지 뿐만아니라 전달해야할 데이터까지 존재한다면 컨트롤러 클래스를 작성
   setSqlSessionFactory("sqlSessionFactoryBean의 id")
 -->
 <!-- 0.DB접속(JNDI) -->
<!--  <bean id="boardDAO" class="lee.BoardDAO" /> -->
 <bean id="boardDAO" class="content.SqlMapBoardDao">
     <property name="sqlSessionFactory"
                      ref="sqlSessionFactory" />
 </bean>


 <!-- 1.글목록보기 -->
 <!-- before
  <bean name="/list.do" class="lee.ListActionController">
    <property name="dao">
        <ref bean="boardDAO" />
    </property>
 </bean> -->

 <bean name="/list.do" class="content.ListActionController" />
 <bean name="/getPopList.do" class="content.PopListActionController" />

 <!-- 2.글쓰기 폼으로 이동 -->
 <bean name="/writeui.do"
   class="org.springframework.web.servlet.mvc.ParameterizableViewController">
      <property name="viewName" value="write" />
   </bean>

 <!-- 3.글쓰기(글수정하기와 거의유사) -->
<!--  <bean name="/write.do" class="lee.WriteActionController">
    <property name="dao">
        <ref bean="boardDAO" />
    </property>
    <property name="commandClass" value="lee.BoardCommand" />
 </bean> -->

 <bean name="/write.do" class="content.WriteActionController" />

<!--4. 글상세보기 -->
<!--  <bean name="/retrieve.do" class="lee.RetrieveActionController">
    <property name="dao">
        <ref bean="boardDAO" />
    </property>
 </bean>  -->

  <bean name="/watch.do" class="content.WatchActionController" />
 <bean name="/retrieve.do" class="content.RetrieveActionController" />

<!-- 5.글수정하기 -->
 <!--  <bean name="/update.do" class="lee.UpdateActionController">
    <property name="dao">
        <ref bean="boardDAO" />
    </property>
    <property name="commandClass" value="lee.BoardCommand" />
 </bean> -->
 <bean name="/update.do" class="content.UpdateActionController" />

 <!-- 6.글삭제하기 (목록보기랑 비슷)-->
 <!-- <bean name="/delete.do" class="lee.DeleteActionController">
    <property name="dao">
        <ref bean="boardDAO" />
    </property>
 </bean>-->
  <bean name="/delete.do" class="content.DeleteActionController" />

 <!--7.글검색하기  -->
  <!-- <bean name="/search.do" class="lee.SearchActionController">
    <property name="dao">
        <ref bean="boardDAO" />
    </property>
 </bean> -->
 <bean name="/search.do" class="content.SearchActionController" />

<!-- <bean name="/hello.do"  class="lee.HelloActionController" />  -->



<!-- 대용량 파일 -->
<!-- 순수한 multipartResolver를 사용하기 위해 빈 이름으로 "multipartResolver"를 등록해야함 -->
<bean id="multipartResolver" class="org.springframework.web.multipart.commons.CommonsMultipartResolver">
	<property name="maxUploadSize" value="100000000"></property>
</bean>



</beans>









