<?xml version="1.0" encoding="UTF-8"?>
<!DOCTYPE mapper
PUBLIC "-//mybatis.org//DTD Mapper 3.0//EN"
"http://mybatis.org/dtd/mybatis-3-mapper.dtd">

<mapper namespace="board">
 
 <!--1.글목록보기 -->

 <select id="list" resultType="board">
   select * from springboard order by num desc
 </select>
 
 <!-- 2.글쓰기(게시물 번호 최대값구하기) -->
 <select id="getNewNum" resultType="int">
     select max(num) from springboard
 </select>
 
 <!-- 3.글쓰기 (lee.BoardCommand) #{매개변수명(=멤버변수명)}-->
 <insert id="write" parameterType="board">
     insert into springboard(num,author,title,content,writeday)
     values(#{num},#{author},#{title},#{content},sysdate)
 </insert>
 
 <!-- 4.글상세보기(조회수증가) -->
 <update id="updateReadcnt" parameterType="String">
     update springboard set readcnt=readcnt+1 where num=#{num} 
 </update>
 
 <!--5.게시물번호에 해당하는 레코드 한개 얻어오기  -->
 <select id="retrieve" parameterType="String" resultType="board">
      select * from springboard where num=#{num}
 </select>
 
 <!-- 6.글수정하기 -->
 <update id="update" parameterType="board">
      update springboard 
      set title=#{title},content=#{content},author=#{author}
      where num=#{num}
 </update>
 <!-- 7.글삭제하기 -->
 <delete id="delete" parameterType="String" >
       delete from springboard where num=#{num}
 </delete>
 <!-- 8.검색하기 -->
  <select id="search" resultType="board" parameterType="board">
    select * from springboard where ${searchName} like
     '%${searchValue}%' order by num desc
 </select>
 
 <select id="getBoardList" resultType="board">
 	select *
        from (
        select row_number() over(order by num desc) as
        row_num
        ,num, author, title, content, writeday, readcnt
        from springboard
        )
 </select>
 
 <select id="getBoardList2" parameterType="pagination" resultType="board">
 	select *
        from (
        select row_number() over(order by num desc) as
        row_num
        ,num, author, title, content, writeday, readcnt
        from springboard
        )
        <if test="firstRecordIndex !=null and lastRecordIndex != null">
            WHERE row_num BETWEEN #{firstRecordIndex} AND
            #{lastRecordIndex}
        </if>
 </select>
 
 <select id="getBoardTotalCnt" resultType="int">
 	select count(*) from springboard
 </select>
 
</mapper>